timestamp,symbol,price
2026-01-18T14:01:08.732889,VT,144.92999267578125
2026-01-18T14:01:08.732889,CHSPI.SW,161.77999877929688
2026-01-18T14:01:08.732889,GOOG,330.3399963378906
2026-01-18T14:01:08.732889,NVDA,186.22999572753903
2026-01-18T14:01:08.732889,AMD,231.8300018310547
2026-01-18T15:01:08.185953,VT,144.92999267578125
2026-01-18T15:01:08.185953,CHSPI.SW,161.77999877929688
2026-01-18T15:01:08.185953,GOOG,330.3399963378906
2026-01-18T15:01:08.185953,NVDA,186.22999572753903
2026-01-18T15:01:08.185953,AMD,231.8300018310547
2026-01-18T16:01:12.500724,VT,144.92999267578125
2026-01-18T16:01:12.500724,CHSPI.SW,161.77999877929688
2026-01-18T16:01:12.500724,GOOG,330.3399963378906
2026-01-18T16:01:12.500724,NVDA,186.22999572753903
2026-01-18T16:01:12.500724,AMD,231.8300018310547
2026-01-18T17:01:12.036373,VT,144.92999267578125
2026-01-18T17:01:12.036373,CHSPI.SW,161.77999877929688
2026-01-18T17:01:12.036373,GOOG,330.3399963378906
2026-01-18T17:01:12.036373,NVDA,186.22999572753903
2026-01-18T17:01:12.036373,AMD,231.8300018310547
2026-01-18T18:01:10.346365,VT,144.92999267578125
2026-01-18T18:01:10.346365,CHSPI.SW,161.77999877929688
2026-01-18T18:01:10.346365,GOOG,330.3399963378906
2026-01-18T18:01:10.346365,NVDA,186.22999572753903
2026-01-18T18:01:10.346365,AMD,231.8300018310547
2026-01-18T19:01:08.443228,VT,144.92999267578125
2026-01-18T19:01:08.443228,CHSPI.SW,161.77999877929688
2026-01-18T19:01:08.443228,GOOG,330.3399963378906
2026-01-18T19:01:08.443228,NVDA,186.22999572753903
2026-01-18T19:01:08.443228,AMD,231.8300018310547
2026-01-18T20:01:05.481158,VT,144.92999267578125
2026-01-18T20:01:05.481158,CHSPI.SW,161.77999877929688
2026-01-18T20:01:05.481158,GOOG,330.3399963378906
2026-01-18T20:01:05.481158,NVDA,186.22999572753903
2026-01-18T20:01:05.481158,AMD,231.8300018310547
2026-01-18T21:01:03.515577,VT,144.92999267578125
2026-01-18T21:01:03.515577,CHSPI.SW,161.77999877929688
2026-01-18T21:01:03.515577,GOOG,330.3399963378906
2026-01-18T21:01:03.515577,NVDA,186.22999572753903
2026-01-18T21:01:03.515577,AMD,231.8300018310547
2026-01-18T22:01:00.935912,VT,144.92999267578125
2026-01-18T22:01:00.935912,CHSPI.SW,161.77999877929688
2026-01-18T22:01:00.935912,GOOG,330.3399963378906
2026-01-18T22:01:00.935912,NVDA,186.22999572753903
2026-01-18T22:01:00.935912,AMD,231.8300018310547
2026-01-18T23:01:20.328310,VT,144.92999267578125
2026-01-18T23:01:20.328310,CHSPI.SW,161.77999877929688
2026-01-18T23:01:20.328310,GOOG,330.3399963378906
2026-01-18T23:01:20.328310,NVDA,186.22999572753903
2026-01-18T23:01:20.328310,AMD,231.8300018310547
2026-01-19T00:01:43.978679,VT,144.92999267578125
2026-01-19T00:01:43.978679,CHSPI.SW,161.77999877929688
2026-01-19T00:01:43.978679,GOOG,330.3399963378906
2026-01-19T00:01:43.978679,NVDA,186.22999572753903
2026-01-19T00:01:43.978679,AMD,231.8300018310547
2026-01-19T01:29:27.992367,VT,144.92999267578125
2026-01-19T01:29:27.992367,CHSPI.SW,161.77999877929688
2026-01-19T01:29:27.992367,GOOG,330.3399963378906
2026-01-19T01:29:27.992367,NVDA,186.22999572753903
2026-01-19T01:29:27.992367,AMD,231.8300018310547
2026-01-19T02:41:14.620631,VT,144.92999267578125
2026-01-19T02:41:14.620631,CHSPI.SW,161.77999877929688
2026-01-19T02:41:14.620631,GOOG,330.3399963378906
2026-01-19T02:41:14.620631,NVDA,186.22999572753903
2026-01-19T02:41:14.620631,AMD,231.8300018310547
2026-01-19T03:30:48.029103,VT,144.92999267578125
2026-01-19T03:30:48.029103,CHSPI.SW,161.77999877929688
2026-01-19T03:30:48.029103,GOOG,330.3399963378906
2026-01-19T03:30:48.029103,NVDA,186.22999572753903
2026-01-19T03:30:48.029103,AMD,231.8300018310547
2026-01-19T04:20:46.050798,VT,144.92999267578125
2026-01-19T04:20:46.050798,CHSPI.SW,161.77999877929688
2026-01-19T04:20:46.050798,GOOG,330.3399963378906
2026-01-19T04:20:46.050798,NVDA,186.22999572753903
2026-01-19T04:20:46.050798,AMD,231.8300018310547
2026-01-19T05:08:35.006577,VT,144.92999267578125
2026-01-19T05:08:35.006577,CHSPI.SW,161.77999877929688
2026-01-19T05:08:35.006577,GOOG,330.3399963378906
2026-01-19T05:08:35.006577,NVDA,186.22999572753903
2026-01-19T05:08:35.006577,AMD,231.8300018310547
2026-01-19T06:02:45.130451,VT,144.92999267578125
2026-01-19T06:02:45.130451,CHSPI.SW,161.77999877929688
2026-01-19T06:02:45.130451,GOOG,330.3399963378906
2026-01-19T06:02:45.130451,NVDA,186.22999572753903
2026-01-19T06:02:45.130451,AMD,231.8300018310547
2026-01-19T07:07:12.740531,VT,144.92999267578125
2026-01-19T07:07:12.740531,CHSPI.SW,161.77999877929688
2026-01-19T07:07:12.740531,GOOG,330.3399963378906
2026-01-19T07:07:12.740531,NVDA,186.22999572753903
2026-01-19T07:07:12.740531,AMD,231.8300018310547
2026-01-19T08:01:51.578920,VT,144.92999267578125
2026-01-19T08:01:51.578920,GOOG,330.3399963378906
2026-01-19T08:01:51.578920,NVDA,186.22999572753903
2026-01-19T08:01:51.578920,AMD,231.8300018310547
2026-01-19T09:05:49.239274,VT,144.92999267578125
2026-01-19T09:05:49.239274,CHSPI.SW,160.5
2026-01-19T09:05:49.239274,GOOG,330.3399963378906
2026-01-19T09:05:49.239274,NVDA,186.22999572753903
2026-01-19T09:05:49.239274,AMD,231.8300018310547
2026-01-19T10:03:26.443203,VT,144.92999267578125
2026-01-19T10:03:26.443203,CHSPI.SW,159.94000244140625
2026-01-19T10:03:26.443203,GOOG,330.3399963378906
2026-01-19T10:03:26.443203,NVDA,186.22999572753903
2026-01-19T10:03:26.443203,AMD,231.8300018310547
2026-01-19T11:02:43.070830,VT,144.92999267578125
2026-01-19T11:02:43.070830,CHSPI.SW,159.8000030517578
2026-01-19T11:02:43.070830,GOOG,330.3399963378906
2026-01-19T11:02:43.070830,NVDA,186.22999572753903
2026-01-19T11:02:43.070830,AMD,231.8300018310547
2026-01-19T12:01:38.624353,VT,144.92999267578125
2026-01-19T12:01:38.624353,CHSPI.SW,159.75999450683594
2026-01-19T12:01:38.624353,GOOG,330.3399963378906
2026-01-19T12:01:38.624353,NVDA,186.22999572753903
2026-01-19T12:01:38.624353,AMD,231.8300018310547
2026-01-19T13:15:57.447473,VT,144.92999267578125
2026-01-19T13:15:57.447473,CHSPI.SW,159.74000549316406
2026-01-19T13:15:57.447473,GOOG,330.3399963378906
2026-01-19T13:15:57.447473,NVDA,186.22999572753903
2026-01-19T13:15:57.447473,AMD,231.8300018310547
2026-01-19T14:05:00.999784,VT,144.92999267578125
2026-01-19T14:05:00.999784,CHSPI.SW,159.6999969482422
2026-01-19T14:05:00.999784,GOOG,330.3399963378906
2026-01-19T14:05:00.999784,NVDA,186.22999572753903
2026-01-19T14:05:00.999784,AMD,231.8300018310547
2026-01-19T15:03:03.982253,VT,144.92999267578125
2026-01-19T15:03:03.982253,CHSPI.SW,159.94000244140625
2026-01-19T15:03:03.982253,GOOG,330.3399963378906
2026-01-19T15:03:03.982253,NVDA,186.22999572753903
2026-01-19T15:03:03.982253,AMD,231.8300018310547
2026-01-19T16:01:57.589561,VT,144.92999267578125
2026-01-19T16:01:57.589561,CHSPI.SW,159.67999267578125
2026-01-19T16:01:57.589561,GOOG,330.3399963378906
2026-01-19T16:01:57.589561,NVDA,186.22999572753903
2026-01-19T16:01:57.589561,AMD,231.8300018310547
2026-01-19T17:04:05.212126,VT,144.92999267578125
2026-01-19T17:04:05.212126,CHSPI.SW,160.10000610351562
2026-01-19T17:04:05.212126,GOOG,330.3399963378906
2026-01-19T17:04:05.212126,NVDA,186.22999572753903
2026-01-19T17:04:05.212126,AMD,231.8300018310547
2026-01-19T18:01:16.946734,VT,144.92999267578125
2026-01-19T18:01:16.946734,CHSPI.SW,160.10000610351562
2026-01-19T18:01:16.946734,GOOG,330.3399963378906
2026-01-19T18:01:16.946734,NVDA,186.22999572753903
2026-01-19T18:01:16.946734,AMD,231.8300018310547
2026-01-19T19:03:20.719533,VT,144.92999267578125
2026-01-19T19:03:20.719533,CHSPI.SW,160.10000610351562
2026-01-19T19:03:20.719533,GOOG,330.3399963378906
2026-01-19T19:03:20.719533,NVDA,186.22999572753903
2026-01-19T19:03:20.719533,AMD,231.8300018310547
2026-01-19T20:01:21.393732,VT,144.92999267578125
2026-01-19T20:01:21.393732,CHSPI.SW,160.10000610351562
2026-01-19T20:01:21.393732,GOOG,330.3399963378906
2026-01-19T20:01:21.393732,NVDA,186.22999572753903
2026-01-19T20:01:21.393732,AMD,231.8300018310547
2026-01-19T21:01:16.299621,VT,144.92999267578125
2026-01-19T21:01:16.299621,CHSPI.SW,160.10000610351562
2026-01-19T21:01:16.299621,GOOG,330.3399963378906
2026-01-19T21:01:16.299621,NVDA,186.22999572753903
2026-01-19T21:01:16.299621,AMD,231.8300018310547
2026-01-19T22:01:05.853293,VT,144.92999267578125
2026-01-19T22:01:05.853293,CHSPI.SW,160.10000610351562
2026-01-19T22:01:05.853293,GOOG,330.3399963378906
2026-01-19T22:01:05.853293,NVDA,186.22999572753903
2026-01-19T22:01:05.853293,AMD,231.8300018310547
2026-01-19T23:01:13.139596,VT,144.92999267578125
2026-01-19T23:01:13.139596,CHSPI.SW,160.10000610351562
2026-01-19T23:01:13.139596,GOOG,330.3399963378906
2026-01-19T23:01:13.139596,NVDA,186.22999572753903
2026-01-19T23:01:13.139596,AMD,231.8300018310547
2026-01-20T00:01:52.110297,VT,144.92999267578125
2026-01-20T00:01:52.110297,CHSPI.SW,160.10000610351562
2026-01-20T00:01:52.110297,GOOG,330.3399963378906
2026-01-20T00:01:52.110297,NVDA,186.22999572753903
2026-01-20T00:01:52.110297,AMD,231.8300018310547
2026-01-20T01:29:20.610004,VT,144.92999267578125
2026-01-20T01:29:20.610004,CHSPI.SW,160.10000610351562
2026-01-20T01:29:20.610004,GOOG,330.3399963378906
2026-01-20T01:29:20.610004,NVDA,186.22999572753903
2026-01-20T01:29:20.610004,AMD,231.8300018310547
2026-01-20T02:37:43.366520,VT,144.92999267578125
2026-01-20T02:37:43.366520,CHSPI.SW,160.10000610351562
2026-01-20T02:37:43.366520,GOOG,330.3399963378906
2026-01-20T02:37:43.366520,NVDA,186.22999572753903
2026-01-20T02:37:43.366520,AMD,231.8300018310547
2026-01-20T03:29:48.832027,VT,144.92999267578125
2026-01-20T03:29:48.832027,CHSPI.SW,160.10000610351562
2026-01-20T03:29:48.832027,GOOG,330.3399963378906
2026-01-20T03:29:48.832027,NVDA,186.22999572753903
2026-01-20T03:29:48.832027,AMD,231.8300018310547
2026-01-20T04:17:18.853304,VT,144.92999267578125
2026-01-20T04:17:18.853304,CHSPI.SW,160.10000610351562
2026-01-20T04:17:18.853304,GOOG,330.3399963378906
2026-01-20T04:17:18.853304,NVDA,186.22999572753903
2026-01-20T04:17:18.853304,AMD,231.8300018310547
2026-01-20T05:07:07.981882,VT,144.92999267578125
2026-01-20T05:07:07.981882,CHSPI.SW,160.10000610351562
2026-01-20T05:07:07.981882,GOOG,330.3399963378906
2026-01-20T05:07:07.981882,NVDA,186.22999572753903
2026-01-20T05:07:07.981882,AMD,231.8300018310547
2026-01-20T06:02:13.805913,VT,144.92999267578125
2026-01-20T06:02:13.805913,CHSPI.SW,159.72000122070312
2026-01-20T06:02:13.805913,GOOG,330.3399963378906
2026-01-20T06:02:13.805913,NVDA,186.22999572753903
2026-01-20T06:02:13.805913,AMD,231.8300018310547
2026-01-20T07:06:31.220436,VT,144.92999267578125
2026-01-20T07:06:31.220436,CHSPI.SW,160.10000610351562
2026-01-20T07:06:31.220436,GOOG,330.3399963378906
2026-01-20T07:06:31.220436,NVDA,186.22999572753903
2026-01-20T07:06:31.220436,AMD,231.8300018310547
2026-01-20T08:01:16.637657,VT,144.92999267578125
2026-01-20T08:01:16.637657,CHSPI.SW,160.10000610351562
2026-01-20T08:01:16.637657,GOOG,330.3399963378906
2026-01-20T08:01:16.637657,NVDA,186.22999572753903
2026-01-20T08:01:16.637657,AMD,231.8300018310547
2026-01-20T09:06:06.874222,VT,144.92999267578125
2026-01-20T09:06:06.874222,CHSPI.SW,158.39999389648438
2026-01-20T09:06:06.874222,GOOG,330.3399963378906
2026-01-20T09:06:06.874222,NVDA,186.22999572753903
2026-01-20T09:06:06.874222,AMD,231.8300018310547
2026-01-20T10:02:42.889479,VT,144.92999267578125
2026-01-20T10:02:42.889479,CHSPI.SW,158.0800018310547
2026-01-20T10:02:42.889479,GOOG,330.3399963378906
2026-01-20T10:02:42.889479,NVDA,186.22999572753903
2026-01-20T10:02:42.889479,AMD,231.8300018310547
2026-01-20T11:03:22.465314,VT,144.92999267578125
2026-01-20T11:03:22.465314,CHSPI.SW,158.16000366210938
2026-01-20T11:03:22.465314,GOOG,330.3399963378906
2026-01-20T11:03:22.465314,NVDA,186.22999572753903
2026-01-20T11:03:22.465314,AMD,231.8300018310547
2026-01-20T12:01:31.065143,VT,144.92999267578125
2026-01-20T12:01:31.065143,CHSPI.SW,158.16000366210938
2026-01-20T12:01:31.065143,GOOG,330.3399963378906
2026-01-20T12:01:31.065143,NVDA,186.22999572753903
2026-01-20T12:01:31.065143,AMD,231.8300018310547
2026-01-20T13:16:27.411030,VT,144.92999267578125
2026-01-20T13:16:27.411030,CHSPI.SW,158.27999877929688
2026-01-20T13:16:27.411030,GOOG,330.3399963378906
2026-01-20T13:16:27.411030,NVDA,186.22999572753903
2026-01-20T13:16:27.411030,AMD,231.8300018310547
2026-01-20T14:06:42.958552,VT,144.92999267578125
2026-01-20T14:06:42.958552,CHSPI.SW,158.0399932861328
2026-01-20T14:06:42.958552,GOOG,330.3399963378906
2026-01-20T14:06:42.958552,NVDA,186.22999572753903
2026-01-20T14:06:42.958552,AMD,231.8300018310547
2026-01-20T15:05:03.983481,VT,143.18069458007812
2026-01-20T15:05:03.983481,CHSPI.SW,158.10000610351562
2026-01-20T15:05:03.983481,GOOG,323.7850036621094
2026-01-20T15:05:03.983481,NVDA,180.13499450683594
2026-01-20T15:05:03.983481,AMD,234.25
2026-01-20T16:03:48.610799,VT,143.52999877929688
2026-01-20T16:03:48.610799,CHSPI.SW,158.66000366210938
2026-01-20T16:03:48.610799,GOOG,326.5199890136719
2026-01-20T16:03:48.610799,NVDA,181.0498962402344
2026-01-20T16:03:48.610799,AMD,238.3800048828125
2026-01-20T17:06:00.106326,VT,143.55999755859375
2026-01-20T17:06:00.106326,CHSPI.SW,158.86000061035156
2026-01-20T17:06:00.106326,GOOG,327.29998779296875
2026-01-20T17:06:00.106326,NVDA,179.91000366210938
2026-01-20T17:06:00.106326,AMD,238.0599975585937
2026-01-20T18:02:35.201566,VT,143.17999267578125
2026-01-20T18:02:35.201566,CHSPI.SW,158.86000061035156
2026-01-20T18:02:35.201566,GOOG,325.7799987792969
2026-01-20T18:02:35.201566,NVDA,179.99000549316406
2026-01-20T18:02:35.201566,AMD,235.56500244140625
2026-01-20T19:18:06.890033,VT,142.57000732421875
2026-01-20T19:18:06.890033,CHSPI.SW,158.86000061035156
2026-01-20T19:18:06.890033,GOOG,323.7300109863281
2026-01-20T19:18:06.890033,NVDA,179.4600067138672
2026-01-20T19:18:06.890033,AMD,231.4575042724609
2026-01-20T20:21:05.459806,VT,142.32000732421875
2026-01-20T20:21:05.459806,CHSPI.SW,158.86000061035156
2026-01-20T20:21:05.459806,GOOG,322.7799987792969
2026-01-20T20:21:05.459806,NVDA,178.41000366210938
2026-01-20T20:21:05.459806,AMD,231.4750061035156
2026-01-20T21:02:55.093567,VT,142.4199981689453
2026-01-20T21:02:55.093567,CHSPI.SW,158.86000061035156
2026-01-20T21:02:55.093567,GOOG,322.1600036621094
2026-01-20T21:02:55.093567,NVDA,178.07000732421875
2026-01-20T21:02:55.093567,AMD,231.9199981689453
2026-01-20T22:01:16.341925,VT,142.4499969482422
2026-01-20T22:01:16.341925,CHSPI.SW,158.86000061035156
2026-01-20T22:01:16.341925,GOOG,322.1600036621094
2026-01-20T22:01:16.341925,NVDA,178.07000732421875
2026-01-20T22:01:16.341925,AMD,231.9199981689453
2026-01-20T23:01:15.375812,VT,142.4499969482422
2026-01-20T23:01:15.375812,CHSPI.SW,158.86000061035156
2026-01-20T23:01:15.375812,GOOG,322.1600036621094
2026-01-20T23:01:15.375812,NVDA,178.07000732421875
2026-01-20T23:01:15.375812,AMD,231.9199981689453
2026-01-21T00:01:45.836197,VT,142.4499969482422
2026-01-21T00:01:45.836197,CHSPI.SW,158.86000061035156
2026-01-21T00:01:45.836197,GOOG,322.1600036621094
2026-01-21T00:01:45.836197,NVDA,178.07000732421875
2026-01-21T00:01:45.836197,AMD,231.9199981689453
2026-01-21T01:29:51.312248,VT,142.4499969482422
2026-01-21T01:29:51.312248,CHSPI.SW,158.86000061035156
2026-01-21T01:29:51.312248,GOOG,322.1600036621094
2026-01-21T01:29:51.312248,NVDA,178.07000732421875
2026-01-21T01:29:51.312248,AMD,231.9199981689453
2026-01-21T02:37:39.268261,VT,142.4499969482422
2026-01-21T02:37:39.268261,CHSPI.SW,158.86000061035156
2026-01-21T02:37:39.268261,GOOG,322.1600036621094
2026-01-21T02:37:39.268261,NVDA,178.07000732421875
2026-01-21T02:37:39.268261,AMD,231.9199981689453
2026-01-21T03:29:58.497979,VT,142.4499969482422
2026-01-21T03:29:58.497979,CHSPI.SW,158.86000061035156
2026-01-21T03:29:58.497979,GOOG,322.1600036621094
2026-01-21T03:29:58.497979,NVDA,178.07000732421875
2026-01-21T03:29:58.497979,AMD,231.9199981689453
2026-01-21T04:17:00.344783,VT,142.4499969482422
2026-01-21T04:17:00.344783,CHSPI.SW,158.86000061035156
2026-01-21T04:17:00.344783,GOOG,322.1600036621094
2026-01-21T04:17:00.344783,NVDA,178.07000732421875
2026-01-21T04:17:00.344783,AMD,231.9199981689453
2026-01-21T05:06:23.100330,VT,142.4499969482422
2026-01-21T05:06:23.100330,CHSPI.SW,158.86000061035156
2026-01-21T05:06:23.100330,GOOG,322.1600036621094
2026-01-21T05:06:23.100330,NVDA,178.07000732421875
2026-01-21T05:06:23.100330,AMD,231.9199981689453
2026-01-21T06:02:17.603881,VT,142.4499969482422
2026-01-21T06:02:17.603881,CHSPI.SW,158.86000061035156
2026-01-21T06:02:17.603881,GOOG,322.1600036621094
2026-01-21T06:02:17.603881,NVDA,178.07000732421875
2026-01-21T06:02:17.603881,AMD,231.9199981689453
2026-01-21T07:06:37.587731,VT,142.4499969482422
2026-01-21T07:06:37.587731,CHSPI.SW,158.72000122070312
2026-01-21T07:06:37.587731,GOOG,322.1600036621094
2026-01-21T07:06:37.587731,NVDA,178.07000732421875
2026-01-21T07:06:37.587731,AMD,231.9199981689453
2026-01-21T08:01:19.535118,VT,142.4499969482422
2026-01-21T08:01:19.535118,CHSPI.SW,158.86000061035156
2026-01-21T08:01:19.535118,GOOG,322.1600036621094
2026-01-21T08:01:19.535118,NVDA,178.07000732421875
2026-01-21T08:01:19.535118,AMD,231.9199981689453
2026-01-21T09:05:18.312218,VT,142.4499969482422
2026-01-21T09:05:18.312218,CHSPI.SW,158.60000610351562
2026-01-21T09:05:18.312218,GOOG,322.1600036621094
2026-01-21T09:05:18.312218,NVDA,178.07000732421875
2026-01-21T09:05:18.312218,AMD,231.9199981689453
2026-01-21T10:02:52.213889,VT,142.4499969482422
2026-01-21T10:02:52.213889,CHSPI.SW,158.27999877929688
2026-01-21T10:02:52.213889,GOOG,322.1600036621094
2026-01-21T10:02:52.213889,NVDA,178.07000732421875
2026-01-21T10:02:52.213889,AMD,231.9199981689453
2026-01-21T11:03:18.052154,VT,142.4499969482422
2026-01-21T11:03:18.052154,CHSPI.SW,158.4199981689453
2026-01-21T11:03:18.052154,GOOG,322.1600036621094
2026-01-21T11:03:18.052154,NVDA,178.07000732421875
2026-01-21T11:03:18.052154,AMD,231.9199981689453
2026-01-21T12:01:28.654135,VT,142.4499969482422
2026-01-21T12:01:28.654135,CHSPI.SW,158.02000427246094
2026-01-21T12:01:28.654135,GOOG,322.1600036621094
2026-01-21T12:01:28.654135,NVDA,178.07000732421875
2026-01-21T12:01:28.654135,AMD,231.9199981689453
2026-01-21T13:15:53.903374,VT,142.4499969482422
2026-01-21T13:15:53.903374,CHSPI.SW,157.9199981689453
2026-01-21T13:15:53.903374,GOOG,322.1600036621094
2026-01-21T13:15:53.903374,NVDA,178.07000732421875
2026-01-21T13:15:53.903374,AMD,231.9199981689453
2026-01-21T14:06:28.919373,VT,142.4499969482422
2026-01-21T14:06:28.919373,CHSPI.SW,157.66000366210938
2026-01-21T14:06:28.919373,GOOG,322.1600036621094
2026-01-21T14:06:28.919373,NVDA,178.07000732421875
2026-01-21T14:06:28.919373,AMD,231.9199981689453
2026-01-21T16:04:42.734196,VT,143.92759704589844
2026-01-21T16:04:42.734196,CHSPI.SW,158.8000030517578
2026-01-21T16:04:42.734196,GOOG,330.4700012207031
2026-01-21T16:04:42.734196,NVDA,182.83999633789065
2026-01-21T16:04:42.734196,AMD,250.85499572753903
2026-01-21T17:20:47.166229,VT,142.98500061035156
2026-01-21T17:20:47.166229,CHSPI.SW,158.6199951171875
2026-01-21T17:20:47.166229,GOOG,326.8699951171875
2026-01-21T17:20:47.166229,NVDA,179.69500732421875
2026-01-21T17:20:47.166229,AMD,245.83999633789065
2026-01-21T18:10:50.761830,VT,143.08999633789062
2026-01-21T18:10:50.761830,CHSPI.SW,158.6199951171875
2026-01-21T18:10:50.761830,GOOG,327.32000732421875
2026-01-21T18:10:50.761830,NVDA,180.2050018310547
2026-01-21T18:10:50.761830,AMD,245.8000030517578
2026-01-21T19:08:57.920989,VT,143.19500732421875
2026-01-21T19:08:57.920989,CHSPI.SW,158.6199951171875
2026-01-21T19:08:57.920989,GOOG,326.42999267578125
2026-01-21T19:08:57.920989,NVDA,181.1000061035156
2026-01-21T19:08:57.920989,AMD,244.9434967041016
2026-01-21T20:04:01.870767,VT,144.60000610351562
2026-01-21T20:04:01.870767,CHSPI.SW,158.6199951171875
2026-01-21T20:04:01.870767,GOOG,330.2699890136719
2026-01-21T20:04:01.870767,NVDA,184.94000244140625
2026-01-21T20:04:01.870767,AMD,251.2350006103516
2026-01-21T21:05:26.743883,VT,144.11500549316406
2026-01-21T21:05:26.743883,CHSPI.SW,158.6199951171875
2026-01-21T21:05:26.743883,GOOG,328.3800048828125
2026-01-21T21:05:26.743883,NVDA,183.17999267578125
2026-01-21T21:05:26.743883,AMD,249.8000030517578
2026-01-21T22:02:29.423089,VT,144.1199951171875
2026-01-21T22:02:29.423089,CHSPI.SW,158.6199951171875
2026-01-21T22:02:29.423089,GOOG,328.3800048828125
2026-01-21T22:02:29.423089,NVDA,183.32000732421875
2026-01-21T22:02:29.423089,AMD,249.8000030517578
2026-01-21T23:02:41.746323,VT,144.1199951171875
2026-01-21T23:02:41.746323,CHSPI.SW,158.6199951171875
2026-01-21T23:02:41.746323,GOOG,328.3800048828125
2026-01-21T23:02:41.746323,NVDA,183.32000732421875
2026-01-21T23:02:41.746323,AMD,249.8000030517578
2026-01-22T00:01:59.343732,VT,144.1199951171875
2026-01-22T00:01:59.343732,CHSPI.SW,158.6199951171875
2026-01-22T00:01:59.343732,GOOG,328.3800048828125
2026-01-22T00:01:59.343732,NVDA,183.32000732421875
2026-01-22T00:01:59.343732,AMD,249.8000030517578
2026-01-22T01:29:36.341350,VT,144.1199951171875
2026-01-22T01:29:36.341350,CHSPI.SW,158.6199951171875
2026-01-22T01:29:36.341350,GOOG,328.3800048828125
2026-01-22T01:29:36.341350,NVDA,183.32000732421875
2026-01-22T01:29:36.341350,AMD,249.8000030517578
2026-01-22T02:40:09.200850,VT,144.1199951171875
2026-01-22T02:40:09.200850,CHSPI.SW,158.6199951171875
2026-01-22T02:40:09.200850,GOOG,328.3800048828125
2026-01-22T02:40:09.200850,NVDA,183.32000732421875
2026-01-22T02:40:09.200850,AMD,249.8000030517578
2026-01-22T03:30:42.270321,VT,144.1199951171875
2026-01-22T03:30:42.270321,CHSPI.SW,158.6199951171875
2026-01-22T03:30:42.270321,GOOG,328.3800048828125
2026-01-22T03:30:42.270321,NVDA,183.32000732421875
2026-01-22T03:30:42.270321,AMD,249.8000030517578
2026-01-22T04:19:29.471626,VT,144.1199951171875
2026-01-22T04:19:29.471626,CHSPI.SW,158.6199951171875
2026-01-22T04:19:29.471626,GOOG,328.3800048828125
2026-01-22T04:19:29.471626,NVDA,183.32000732421875
2026-01-22T04:19:29.471626,AMD,249.8000030517578
2026-01-22T05:06:58.021725,VT,144.1199951171875
2026-01-22T05:06:58.021725,CHSPI.SW,158.6199951171875
2026-01-22T05:06:58.021725,GOOG,328.3800048828125
2026-01-22T05:06:58.021725,NVDA,183.32000732421875
2026-01-22T05:06:58.021725,AMD,249.8000030517578
2026-01-22T06:01:59.637412,VT,144.1199951171875
2026-01-22T06:01:59.637412,CHSPI.SW,158.6199951171875
2026-01-22T06:01:59.637412,GOOG,328.3800048828125
2026-01-22T06:01:59.637412,NVDA,183.32000732421875
2026-01-22T06:01:59.637412,AMD,249.8000030517578
2026-01-22T07:05:20.917473,VT,144.1199951171875
2026-01-22T07:05:20.917473,CHSPI.SW,158.6999969482422
2026-01-22T07:05:20.917473,GOOG,328.3800048828125
2026-01-22T07:05:20.917473,NVDA,183.32000732421875
2026-01-22T07:05:20.917473,AMD,249.8000030517578
2026-01-22T08:01:25.578579,VT,144.1199951171875
2026-01-22T08:01:25.578579,CHSPI.SW,158.6199951171875
2026-01-22T08:01:25.578579,GOOG,328.3800048828125
2026-01-22T08:01:25.578579,NVDA,183.32000732421875
2026-01-22T08:01:25.578579,AMD,249.8000030517578
2026-01-22T09:06:09.946710,VT,144.1199951171875
2026-01-22T09:06:09.946710,CHSPI.SW,159.86000061035156
2026-01-22T09:06:09.946710,GOOG,328.3800048828125
2026-01-22T09:06:09.946710,NVDA,183.32000732421875
2026-01-22T09:06:09.946710,AMD,249.8000030517578
2026-01-22T10:02:49.652387,VT,144.1199951171875
2026-01-22T10:02:49.652387,CHSPI.SW,160.4199981689453
2026-01-22T10:02:49.652387,GOOG,328.3800048828125
2026-01-22T10:02:49.652387,NVDA,183.32000732421875
2026-01-22T10:02:49.652387,AMD,249.8000030517578
2026-01-22T11:03:30.966757,VT,144.1199951171875
2026-01-22T11:03:30.966757,CHSPI.SW,159.8800048828125
2026-01-22T11:03:30.966757,GOOG,328.3800048828125
2026-01-22T11:03:30.966757,NVDA,183.32000732421875
2026-01-22T11:03:30.966757,AMD,249.8000030517578
2026-01-22T12:01:33.955267,VT,144.1199951171875
2026-01-22T12:01:33.955267,CHSPI.SW,159.60000610351562
2026-01-22T12:01:33.955267,GOOG,328.3800048828125
2026-01-22T12:01:33.955267,NVDA,183.32000732421875
2026-01-22T12:01:33.955267,AMD,249.8000030517578
2026-01-22T13:16:29.399224,VT,144.1199951171875
2026-01-22T13:16:29.399224,CHSPI.SW,159.77999877929688
2026-01-22T13:16:29.399224,GOOG,328.3800048828125
2026-01-22T13:16:29.399224,NVDA,183.32000732421875
2026-01-22T13:16:29.399224,AMD,249.8000030517578
2026-01-22T15:04:58.413029,VT,144.61000061035156
2026-01-22T15:04:58.413029,CHSPI.SW,160.5
2026-01-22T15:04:58.413029,GOOG,332.1300048828125
2026-01-22T15:04:58.413029,NVDA,184.2700042724609
2026-01-22T15:04:58.413029,AMD,249.3999938964844
2026-01-22T16:03:43.990790,VT,145.0449981689453
2026-01-22T16:03:43.990790,CHSPI.SW,160.10000610351562
2026-01-22T16:03:43.990790,GOOG,330.7650146484375
2026-01-22T16:03:43.990790,NVDA,185.1800994873047
2026-01-22T16:03:43.990790,AMD,251.67999267578125
2026-01-22T17:06:47.936561,VT,145.1199951171875
2026-01-22T17:06:47.936561,CHSPI.SW,159.67999267578125
2026-01-22T17:06:47.936561,GOOG,331.510009765625
2026-01-22T17:06:47.936561,NVDA,185.54510498046875
2026-01-22T17:06:47.936561,AMD,255.3500061035156
2026-01-22T18:02:32.467231,VT,145.28990173339844
2026-01-22T18:02:32.467231,CHSPI.SW,159.67999267578125
2026-01-22T18:02:32.467231,GOOG,331.9200134277344
2026-01-22T18:02:32.467231,NVDA,184.8099975585937
2026-01-22T18:02:32.467231,AMD,254.4900054931641
2026-01-22T19:05:25.343938,VT,145.24989318847656
2026-01-22T19:05:25.343938,CHSPI.SW,159.67999267578125
2026-01-22T19:05:25.343938,GOOG,332.0199890136719
2026-01-22T19:05:25.343938,NVDA,184.5249938964844
2026-01-22T19:05:25.343938,AMD,253.076400756836
2026-01-22T20:01:14.961774,VT,144.91000366210938
2026-01-22T20:01:14.961774,CHSPI.SW,159.67999267578125
2026-01-22T20:01:14.961774,GOOG,331.44000244140625
2026-01-22T20:01:14.961774,NVDA,184.6199951171875
2026-01-22T20:01:14.961774,AMD,254.2700042724609
2026-01-22T21:02:44.362715,VT,144.94000244140625
2026-01-22T21:02:44.362715,CHSPI.SW,159.67999267578125
2026-01-22T21:02:44.362715,GOOG,330.8399963378906
2026-01-22T21:02:44.362715,NVDA,184.72999572753903
2026-01-22T21:02:44.362715,AMD,253.72999572753903
2026-01-22T22:01:16.898934,VT,144.9199981689453
2026-01-22T22:01:16.898934,CHSPI.SW,159.67999267578125
2026-01-22T22:01:16.898934,GOOG,330.8399963378906
2026-01-22T22:01:16.898934,NVDA,184.83999633789065
2026-01-22T22:01:16.898934,AMD,253.72999572753903
2026-01-22T23:01:21.932370,VT,144.9199981689453
2026-01-22T23:01:21.932370,CHSPI.SW,159.67999267578125
2026-01-22T23:01:21.932370,GOOG,330.8399963378906
2026-01-22T23:01:21.932370,NVDA,184.83999633789065
2026-01-22T23:01:21.932370,AMD,253.72999572753903
2026-01-23T00:02:15.167688,VT,144.9199981689453
2026-01-23T00:02:15.167688,CHSPI.SW,159.67999267578125
2026-01-23T00:02:15.167688,GOOG,330.8399963378906
2026-01-23T00:02:15.167688,NVDA,184.83999633789065
2026-01-23T00:02:15.167688,AMD,253.72999572753903
2026-01-23T01:29:31.869331,VT,144.9199981689453
2026-01-23T01:29:31.869331,CHSPI.SW,159.67999267578125
2026-01-23T01:29:31.869331,GOOG,330.8399963378906
2026-01-23T01:29:31.869331,NVDA,184.83999633789065
2026-01-23T01:29:31.869331,AMD,253.72999572753903
2026-01-23T02:37:10.640779,VT,144.9199981689453
2026-01-23T02:37:10.640779,CHSPI.SW,159.67999267578125
2026-01-23T02:37:10.640779,GOOG,330.8399963378906
2026-01-23T02:37:10.640779,NVDA,184.83999633789065
2026-01-23T02:37:10.640779,AMD,253.72999572753903
2026-01-23T03:29:44.416607,VT,144.9199981689453
2026-01-23T03:29:44.416607,CHSPI.SW,159.67999267578125
2026-01-23T03:29:44.416607,GOOG,330.8399963378906
2026-01-23T03:29:44.416607,NVDA,184.83999633789065
2026-01-23T03:29:44.416607,AMD,253.72999572753903
2026-01-23T04:15:52.803939,VT,144.9199981689453
2026-01-23T04:15:52.803939,CHSPI.SW,159.67999267578125
2026-01-23T04:15:52.803939,GOOG,330.8399963378906
2026-01-23T04:15:52.803939,NVDA,184.83999633789065
2026-01-23T04:15:52.803939,AMD,253.72999572753903
2026-01-23T05:05:58.220005,VT,144.9199981689453
2026-01-23T05:05:58.220005,CHSPI.SW,159.67999267578125
2026-01-23T05:05:58.220005,GOOG,330.8399963378906
2026-01-23T05:05:58.220005,NVDA,184.83999633789065
2026-01-23T05:05:58.220005,AMD,253.72999572753903
2026-01-23T06:01:22.175161,VT,144.9199981689453
2026-01-23T06:01:22.175161,CHSPI.SW,159.67999267578125
2026-01-23T06:01:22.175161,GOOG,330.8399963378906
2026-01-23T06:01:22.175161,NVDA,184.83999633789065
2026-01-23T06:01:22.175161,AMD,253.72999572753903
2026-01-23T07:04:29.392789,VT,144.9199981689453
2026-01-23T07:04:29.392789,CHSPI.SW,159.94000244140625
2026-01-23T07:04:29.392789,GOOG,330.8399963378906
2026-01-23T07:04:29.392789,NVDA,184.83999633789065
2026-01-23T07:04:29.392789,AMD,253.72999572753903
2026-01-23T08:01:17.151924,VT,144.9199981689453
2026-01-23T08:01:17.151924,CHSPI.SW,159.67999267578125
2026-01-23T08:01:17.151924,GOOG,330.8399963378906
2026-01-23T08:01:17.151924,NVDA,184.83999633789065
2026-01-23T08:01:17.151924,AMD,253.72999572753903
2026-01-23T09:04:12.868789,VT,144.9199981689453
2026-01-23T09:04:12.868789,CHSPI.SW,159.16000366210938
2026-01-23T09:04:12.868789,GOOG,330.8399963378906
2026-01-23T09:04:12.868789,NVDA,184.83999633789065
2026-01-23T09:04:12.868789,AMD,253.72999572753903
2026-01-23T10:01:38.557025,VT,144.9199981689453
2026-01-23T10:01:38.557025,CHSPI.SW,159.3800048828125
2026-01-23T10:01:38.557025,GOOG,330.8399963378906
2026-01-23T10:01:38.557025,NVDA,184.83999633789065
2026-01-23T10:01:38.557025,AMD,253.72999572753903
2026-01-23T11:02:09.935984,VT,144.9199981689453
2026-01-23T11:02:09.935984,CHSPI.SW,158.77999877929688
2026-01-23T11:02:09.935984,GOOG,330.8399963378906
2026-01-23T11:02:09.935984,NVDA,184.83999633789065
2026-01-23T11:02:09.935984,AMD,253.72999572753903
2026-01-23T12:01:31.612262,VT,144.9199981689453
2026-01-23T12:01:31.612262,CHSPI.SW,159.0399932861328
2026-01-23T12:01:31.612262,GOOG,330.8399963378906
2026-01-23T12:01:31.612262,NVDA,184.83999633789065
2026-01-23T12:01:31.612262,AMD,253.72999572753903
2026-01-23T13:15:00.930537,VT,144.9199981689453
2026-01-23T13:15:00.930537,CHSPI.SW,158.89999389648438
2026-01-23T13:15:00.930537,GOOG,330.8399963378906
2026-01-23T13:15:00.930537,NVDA,184.83999633789065
2026-01-23T13:15:00.930537,AMD,253.72999572753903
2026-01-23T14:03:40.923034,VT,144.9199981689453
2026-01-23T14:03:40.923034,CHSPI.SW,158.72000122070312
2026-01-23T14:03:40.923034,GOOG,330.8399963378906
2026-01-23T14:03:40.923034,NVDA,184.83999633789065
2026-01-23T14:03:40.923034,AMD,253.72999572753903
2026-01-23T15:02:43.488414,VT,144.89500427246094
2026-01-23T15:02:43.488414,CHSPI.SW,158.4600067138672
2026-01-23T15:02:43.488414,GOOG,332.17999267578125
2026-01-23T15:02:43.488414,NVDA,187.77999877929688
2026-01-23T15:02:43.488414,AMD,262.5929870605469
2026-01-23T16:02:34.027447,VT,145.16900634765625
2026-01-23T16:02:34.027447,CHSPI.SW,158.72000122070312
2026-01-23T16:02:34.027447,GOOG,332.3900146484375
2026-01-23T16:02:34.027447,NVDA,187.6649932861328
2026-01-23T16:02:34.027447,AMD,261.2401123046875
2026-01-23T17:05:10.423589,VT,145.11500549316406
2026-01-23T17:05:10.423589,CHSPI.SW,158.8800048828125
2026-01-23T17:05:10.423589,GOOG,328.2550048828125
2026-01-23T17:05:10.423589,NVDA,188.12989807128903
2026-01-23T17:05:10.423589,AMD,259.5899963378906
2026-01-23T18:01:31.380800,VT,144.8300018310547
2026-01-23T18:01:31.380800,CHSPI.SW,158.8800048828125
2026-01-23T18:01:31.380800,GOOG,328.8399963378906
2026-01-23T18:01:31.380800,NVDA,187.2601013183593
2026-01-23T18:01:31.380800,AMD,256.7950134277344
2026-01-23T19:04:49.367906,VT,145.1649932861328
2026-01-23T19:04:49.367906,CHSPI.SW,158.8800048828125
2026-01-23T19:04:49.367906,GOOG,330.0
2026-01-23T19:04:49.367906,NVDA,188.19500732421875
2026-01-23T19:04:49.367906,AMD,256.6268005371094
2026-01-23T20:01:16.630754,VT,145.17999267578125
2026-01-23T20:01:16.630754,CHSPI.SW,158.8800048828125
2026-01-23T20:01:16.630754,GOOG,329.67999267578125
2026-01-23T20:01:16.630754,NVDA,187.6499938964844
2026-01-23T20:01:16.630754,AMD,259.44500732421875
2026-01-23T21:01:20.500096,VT,145.16000366210938
2026-01-23T21:01:20.500096,CHSPI.SW,158.8800048828125
2026-01-23T21:01:20.500096,GOOG,328.44000244140625
2026-01-23T21:01:20.500096,NVDA,187.67999267578125
2026-01-23T21:01:20.500096,AMD,259.67999267578125
2026-01-23T22:01:17.359662,VT,145.1999969482422
2026-01-23T22:01:17.359662,CHSPI.SW,158.8800048828125
2026-01-23T22:01:17.359662,GOOG,328.42999267578125
2026-01-23T22:01:17.359662,NVDA,187.6699981689453
2026-01-23T22:01:17.359662,AMD,259.67999267578125
2026-01-23T23:01:19.048662,VT,145.1999969482422
2026-01-23T23:01:19.048662,CHSPI.SW,158.8800048828125
2026-01-23T23:01:19.048662,GOOG,328.42999267578125
2026-01-23T23:01:19.048662,NVDA,187.6699981689453
2026-01-23T23:01:19.048662,AMD,259.67999267578125
2026-01-24T00:01:55.768468,VT,145.1999969482422
2026-01-24T00:01:55.768468,CHSPI.SW,158.8800048828125
2026-01-24T00:01:55.768468,GOOG,328.42999267578125
2026-01-24T00:01:55.768468,NVDA,187.6699981689453
2026-01-24T00:01:55.768468,AMD,259.67999267578125
2026-01-24T01:29:26.976340,VT,145.1999969482422
2026-01-24T01:29:26.976340,CHSPI.SW,158.8800048828125
2026-01-24T01:29:26.976340,GOOG,328.42999267578125
2026-01-24T01:29:26.976340,NVDA,187.6699981689453
2026-01-24T01:29:26.976340,AMD,259.67999267578125
2026-01-24T02:33:53.475439,VT,145.1999969482422
2026-01-24T02:33:53.475439,CHSPI.SW,158.8800048828125
2026-01-24T02:33:53.475439,GOOG,328.42999267578125
2026-01-24T02:33:53.475439,NVDA,187.6699981689453
2026-01-24T02:33:53.475439,AMD,259.67999267578125
2026-01-24T03:28:55.359237,VT,145.1999969482422
2026-01-24T03:28:55.359237,CHSPI.SW,158.8800048828125
2026-01-24T03:28:55.359237,GOOG,328.42999267578125
2026-01-24T03:28:55.359237,NVDA,187.6699981689453
2026-01-24T03:28:55.359237,AMD,259.67999267578125
2026-01-24T04:12:01.746771,VT,145.1999969482422
2026-01-24T04:12:01.746771,CHSPI.SW,158.8800048828125
2026-01-24T04:12:01.746771,GOOG,328.42999267578125
2026-01-24T04:12:01.746771,NVDA,187.6699981689453
2026-01-24T04:12:01.746771,AMD,259.67999267578125
2026-01-24T05:02:27.896933,VT,145.1999969482422
2026-01-24T05:02:27.896933,CHSPI.SW,158.8800048828125
2026-01-24T05:02:27.896933,GOOG,328.42999267578125
2026-01-24T05:02:27.896933,NVDA,187.6699981689453
2026-01-24T05:02:27.896933,AMD,259.67999267578125
2026-01-24T06:01:19.906388,VT,145.1999969482422
2026-01-24T06:01:19.906388,CHSPI.SW,158.8800048828125
2026-01-24T06:01:19.906388,GOOG,328.42999267578125
2026-01-24T06:01:19.906388,NVDA,187.6699981689453
2026-01-24T06:01:19.906388,AMD,259.67999267578125
2026-01-24T07:01:58.763433,VT,145.1999969482422
2026-01-24T07:01:58.763433,CHSPI.SW,158.8800048828125
2026-01-24T07:01:58.763433,GOOG,328.42999267578125
2026-01-24T07:01:58.763433,NVDA,187.6699981689453
2026-01-24T07:01:58.763433,AMD,259.67999267578125
2026-01-24T08:01:17.038476,VT,145.1999969482422
2026-01-24T08:01:17.038476,CHSPI.SW,158.8800048828125
2026-01-24T08:01:17.038476,GOOG,328.42999267578125
2026-01-24T08:01:17.038476,NVDA,187.6699981689453
2026-01-24T08:01:17.038476,AMD,259.67999267578125
2026-01-24T09:01:12.089013,VT,145.1999969482422
2026-01-24T09:01:12.089013,CHSPI.SW,158.8800048828125
2026-01-24T09:01:12.089013,GOOG,328.42999267578125
2026-01-24T09:01:12.089013,NVDA,187.6699981689453
2026-01-24T09:01:12.089013,AMD,259.67999267578125
2026-01-24T10:01:08.484893,VT,145.1999969482422
2026-01-24T10:01:08.484893,CHSPI.SW,158.8800048828125
2026-01-24T10:01:08.484893,GOOG,328.42999267578125
2026-01-24T10:01:08.484893,NVDA,187.6699981689453
2026-01-24T10:01:08.484893,AMD,259.67999267578125
2026-01-24T11:01:02.329013,VT,145.1999969482422
2026-01-24T11:01:02.329013,CHSPI.SW,158.8800048828125
2026-01-24T11:01:02.329013,GOOG,328.42999267578125
2026-01-24T11:01:02.329013,NVDA,187.6699981689453
2026-01-24T11:01:02.329013,AMD,259.67999267578125
2026-01-24T12:01:17.518746,VT,145.1999969482422
2026-01-24T12:01:17.518746,CHSPI.SW,158.8800048828125
2026-01-24T12:01:17.518746,GOOG,328.42999267578125
2026-01-24T12:01:17.518746,NVDA,187.6699981689453
2026-01-24T12:01:17.518746,AMD,259.67999267578125
2026-01-24T13:10:42.241216,VT,145.1999969482422
2026-01-24T13:10:42.241216,CHSPI.SW,158.8800048828125
2026-01-24T13:10:42.241216,GOOG,328.42999267578125
2026-01-24T13:10:42.241216,NVDA,187.6699981689453
2026-01-24T13:10:42.241216,AMD,259.67999267578125
2026-01-24T14:01:19.153425,VT,145.1999969482422
2026-01-24T14:01:19.153425,CHSPI.SW,158.8800048828125
2026-01-24T14:01:19.153425,GOOG,328.42999267578125
2026-01-24T14:01:19.153425,NVDA,187.6699981689453
2026-01-24T14:01:19.153425,AMD,259.67999267578125
2026-01-24T15:01:12.197976,VT,145.1999969482422
2026-01-24T15:01:12.197976,CHSPI.SW,158.8800048828125
2026-01-24T15:01:12.197976,GOOG,328.42999267578125
2026-01-24T15:01:12.197976,NVDA,187.6699981689453
2026-01-24T15:01:12.197976,AMD,259.67999267578125
2026-01-24T16:01:18.366436,VT,145.1999969482422
2026-01-24T16:01:18.366436,CHSPI.SW,158.8800048828125
2026-01-24T16:01:18.366436,GOOG,328.42999267578125
2026-01-24T16:01:18.366436,NVDA,187.6699981689453
2026-01-24T16:01:18.366436,AMD,259.67999267578125
2026-01-24T17:01:11.825351,VT,145.1999969482422
2026-01-24T17:01:11.825351,CHSPI.SW,158.8800048828125
2026-01-24T17:01:11.825351,GOOG,328.42999267578125
2026-01-24T17:01:11.825351,NVDA,187.6699981689453
2026-01-24T17:01:11.825351,AMD,259.67999267578125
2026-01-24T18:01:16.755050,VT,145.1999969482422
2026-01-24T18:01:16.755050,CHSPI.SW,158.8800048828125
2026-01-24T18:01:16.755050,GOOG,328.42999267578125
2026-01-24T18:01:16.755050,NVDA,187.6699981689453
2026-01-24T18:01:16.755050,AMD,259.67999267578125
2026-01-24T19:01:19.752065,VT,145.1999969482422
2026-01-24T19:01:19.752065,CHSPI.SW,158.8800048828125
2026-01-24T19:01:19.752065,GOOG,328.42999267578125
2026-01-24T19:01:19.752065,NVDA,187.6699981689453
2026-01-24T19:01:19.752065,AMD,259.67999267578125
2026-01-24T20:01:05.907288,VT,145.1999969482422
2026-01-24T20:01:05.907288,CHSPI.SW,158.8800048828125
2026-01-24T20:01:05.907288,GOOG,328.42999267578125
2026-01-24T20:01:05.907288,NVDA,187.6699981689453
2026-01-24T20:01:05.907288,AMD,259.67999267578125
2026-01-24T21:01:11.406235,VT,145.1999969482422
2026-01-24T21:01:11.406235,CHSPI.SW,158.8800048828125
2026-01-24T21:01:11.406235,GOOG,328.42999267578125
2026-01-24T21:01:11.406235,NVDA,187.6699981689453
2026-01-24T21:01:11.406235,AMD,259.67999267578125
2026-01-24T22:01:03.566386,VT,145.1999969482422
2026-01-24T22:01:03.566386,CHSPI.SW,158.8800048828125
2026-01-24T22:01:03.566386,GOOG,328.42999267578125
2026-01-24T22:01:03.566386,NVDA,187.6699981689453
2026-01-24T22:01:03.566386,AMD,259.67999267578125
2026-01-24T23:01:11.370315,VT,145.1999969482422
2026-01-24T23:01:11.370315,CHSPI.SW,158.8800048828125
2026-01-24T23:01:11.370315,GOOG,328.42999267578125
2026-01-24T23:01:11.370315,NVDA,187.6699981689453
2026-01-24T23:01:11.370315,AMD,259.67999267578125
2026-01-25T00:01:50.398628,VT,145.1999969482422
2026-01-25T00:01:50.398628,CHSPI.SW,158.8800048828125
2026-01-25T00:01:50.398628,GOOG,328.42999267578125
2026-01-25T00:01:50.398628,NVDA,187.6699981689453
2026-01-25T00:01:50.398628,AMD,259.67999267578125
2026-01-25T01:29:46.346960,VT,145.1999969482422
2026-01-25T01:29:46.346960,CHSPI.SW,158.8800048828125
2026-01-25T01:29:46.346960,GOOG,328.42999267578125
2026-01-25T01:29:46.346960,NVDA,187.6699981689453
2026-01-25T01:29:46.346960,AMD,259.67999267578125
2026-01-25T02:45:06.499621,VT,145.1999969482422
2026-01-25T02:45:06.499621,CHSPI.SW,158.8800048828125
2026-01-25T02:45:06.499621,GOOG,328.42999267578125
2026-01-25T02:45:06.499621,NVDA,187.6699981689453
2026-01-25T02:45:06.499621,AMD,259.67999267578125
2026-01-25T03:33:20.050904,VT,145.1999969482422
2026-01-25T03:33:20.050904,CHSPI.SW,158.8800048828125
2026-01-25T03:33:20.050904,GOOG,328.42999267578125
2026-01-25T03:33:20.050904,NVDA,187.6699981689453
2026-01-25T03:33:20.050904,AMD,259.67999267578125
2026-01-25T04:22:13.697109,VT,145.1999969482422
2026-01-25T04:22:13.697109,CHSPI.SW,158.8800048828125
2026-01-25T04:22:13.697109,GOOG,328.42999267578125
2026-01-25T04:22:13.697109,NVDA,187.6699981689453
2026-01-25T04:22:13.697109,AMD,259.67999267578125
2026-01-25T05:07:54.849372,VT,145.1999969482422
2026-01-25T05:07:54.849372,CHSPI.SW,158.8800048828125
2026-01-25T05:07:54.849372,GOOG,328.42999267578125
2026-01-25T05:07:54.849372,NVDA,187.6699981689453
2026-01-25T05:07:54.849372,AMD,259.67999267578125
2026-01-25T06:01:13.475822,VT,145.1999969482422
2026-01-25T06:01:13.475822,CHSPI.SW,158.8800048828125
2026-01-25T06:01:13.475822,GOOG,328.42999267578125
2026-01-25T06:01:13.475822,NVDA,187.6699981689453
2026-01-25T06:01:13.475822,AMD,259.67999267578125
2026-01-25T07:02:40.694336,VT,145.1999969482422
2026-01-25T07:02:40.694336,CHSPI.SW,158.8800048828125
2026-01-25T07:02:40.694336,GOOG,328.42999267578125
2026-01-25T07:02:40.694336,NVDA,187.6699981689453
2026-01-25T07:02:40.694336,AMD,259.67999267578125
2026-01-25T08:01:16.135110,VT,145.1999969482422
2026-01-25T08:01:16.135110,CHSPI.SW,158.8800048828125
2026-01-25T08:01:16.135110,GOOG,328.42999267578125
2026-01-25T08:01:16.135110,NVDA,187.6699981689453
2026-01-25T08:01:16.135110,AMD,259.67999267578125
2026-01-25T09:01:22.799136,VT,145.1999969482422
2026-01-25T09:01:22.799136,CHSPI.SW,158.8800048828125
2026-01-25T09:01:22.799136,GOOG,328.42999267578125
2026-01-25T09:01:22.799136,NVDA,187.6699981689453
2026-01-25T09:01:22.799136,AMD,259.67999267578125
2026-01-25T10:01:05.197768,VT,145.1999969482422
2026-01-25T10:01:05.197768,CHSPI.SW,158.8800048828125
2026-01-25T10:01:05.197768,GOOG,328.42999267578125
2026-01-25T10:01:05.197768,NVDA,187.6699981689453
2026-01-25T10:01:05.197768,AMD,259.67999267578125
2026-01-25T11:01:03.363547,VT,145.1999969482422
2026-01-25T11:01:03.363547,CHSPI.SW,158.8800048828125
2026-01-25T11:01:03.363547,GOOG,328.42999267578125
2026-01-25T11:01:03.363547,NVDA,187.6699981689453
2026-01-25T11:01:03.363547,AMD,259.67999267578125
2026-01-25T12:01:24.177416,VT,145.1999969482422
2026-01-25T12:01:24.177416,CHSPI.SW,158.8800048828125
2026-01-25T12:01:24.177416,GOOG,328.42999267578125
2026-01-25T12:01:24.177416,NVDA,187.6699981689453
2026-01-25T12:01:24.177416,AMD,259.67999267578125
2026-01-25T13:11:32.105036,VT,145.1999969482422
2026-01-25T13:11:32.105036,CHSPI.SW,158.8800048828125
2026-01-25T13:11:32.105036,GOOG,328.42999267578125
2026-01-25T13:11:32.105036,NVDA,187.6699981689453
2026-01-25T13:11:32.105036,AMD,259.67999267578125
2026-01-25T14:01:20.962112,VT,145.1999969482422
2026-01-25T14:01:20.962112,CHSPI.SW,158.8800048828125
2026-01-25T14:01:20.962112,GOOG,328.42999267578125
2026-01-25T14:01:20.962112,NVDA,187.6699981689453
2026-01-25T14:01:20.962112,AMD,259.67999267578125
2026-01-25T15:01:18.397500,VT,145.1999969482422
2026-01-25T15:01:18.397500,CHSPI.SW,158.8800048828125
2026-01-25T15:01:18.397500,GOOG,328.42999267578125
2026-01-25T15:01:18.397500,NVDA,187.6699981689453
2026-01-25T15:01:18.397500,AMD,259.67999267578125
2026-01-25T16:01:06.939467,VT,145.1999969482422
2026-01-25T16:01:06.939467,CHSPI.SW,158.8800048828125
2026-01-25T16:01:06.939467,GOOG,328.42999267578125
2026-01-25T16:01:06.939467,NVDA,187.6699981689453
2026-01-25T16:01:06.939467,AMD,259.67999267578125
2026-01-25T17:01:11.583122,VT,145.1999969482422
2026-01-25T17:01:11.583122,CHSPI.SW,158.8800048828125
2026-01-25T17:01:11.583122,GOOG,328.42999267578125
2026-01-25T17:01:11.583122,NVDA,187.6699981689453
2026-01-25T17:01:11.583122,AMD,259.67999267578125
2026-01-25T18:01:17.625434,VT,145.1999969482422
2026-01-25T18:01:17.625434,CHSPI.SW,158.8800048828125
2026-01-25T18:01:17.625434,GOOG,328.42999267578125
2026-01-25T18:01:17.625434,NVDA,187.6699981689453
2026-01-25T18:01:17.625434,AMD,259.67999267578125
2026-01-25T19:01:38.071050,VT,145.1999969482422
2026-01-25T19:01:38.071050,CHSPI.SW,158.8800048828125
2026-01-25T19:01:38.071050,GOOG,328.42999267578125
2026-01-25T19:01:38.071050,NVDA,187.6699981689453
2026-01-25T19:01:38.071050,AMD,259.67999267578125
2026-01-25T20:01:17.229310,VT,145.1999969482422
2026-01-25T20:01:17.229310,CHSPI.SW,158.8800048828125
2026-01-25T20:01:17.229310,GOOG,328.42999267578125
2026-01-25T20:01:17.229310,NVDA,187.6699981689453
2026-01-25T20:01:17.229310,AMD,259.67999267578125
2026-01-25T21:01:09.973592,VT,145.1999969482422
2026-01-25T21:01:09.973592,CHSPI.SW,158.8800048828125
2026-01-25T21:01:09.973592,GOOG,328.42999267578125
2026-01-25T21:01:09.973592,NVDA,187.6699981689453
2026-01-25T21:01:09.973592,AMD,259.67999267578125
2026-01-25T22:01:10.167009,VT,145.1999969482422
2026-01-25T22:01:10.167009,CHSPI.SW,158.8800048828125
2026-01-25T22:01:10.167009,GOOG,328.42999267578125
2026-01-25T22:01:10.167009,NVDA,187.6699981689453
2026-01-25T22:01:10.167009,AMD,259.67999267578125
2026-01-25T23:01:17.407656,VT,145.1999969482422
2026-01-25T23:01:17.407656,CHSPI.SW,158.8800048828125
2026-01-25T23:01:17.407656,GOOG,328.42999267578125
2026-01-25T23:01:17.407656,NVDA,187.6699981689453
2026-01-25T23:01:17.407656,AMD,259.67999267578125
2026-01-26T00:01:41.938667,VT,145.1999969482422
2026-01-26T00:01:41.938667,CHSPI.SW,158.8800048828125
2026-01-26T00:01:41.938667,GOOG,328.42999267578125
2026-01-26T00:01:41.938667,NVDA,187.6699981689453
2026-01-26T00:01:41.938667,AMD,259.67999267578125
2026-01-26T01:29:53.680113,VT,145.1999969482422
2026-01-26T01:29:53.680113,CHSPI.SW,158.8800048828125
2026-01-26T01:29:53.680113,GOOG,328.42999267578125
2026-01-26T01:29:53.680113,NVDA,187.6699981689453
2026-01-26T01:29:53.680113,AMD,259.67999267578125
2026-01-26T02:44:54.644415,VT,145.1999969482422
2026-01-26T02:44:54.644415,CHSPI.SW,158.8800048828125
2026-01-26T02:44:54.644415,GOOG,328.42999267578125
2026-01-26T02:44:54.644415,NVDA,187.6699981689453
2026-01-26T02:44:54.644415,AMD,259.67999267578125
2026-01-26T03:35:17.654842,VT,145.1999969482422
2026-01-26T03:35:17.654842,CHSPI.SW,158.8800048828125
2026-01-26T03:35:17.654842,GOOG,328.42999267578125
2026-01-26T03:35:17.654842,NVDA,187.6699981689453
2026-01-26T03:35:17.654842,AMD,259.67999267578125
2026-01-26T04:23:25.003031,VT,145.1999969482422
2026-01-26T04:23:25.003031,CHSPI.SW,158.8800048828125
2026-01-26T04:23:25.003031,GOOG,328.42999267578125
2026-01-26T04:23:25.003031,NVDA,187.6699981689453
2026-01-26T04:23:25.003031,AMD,259.67999267578125
2026-01-26T05:10:03.938236,VT,145.1999969482422
2026-01-26T05:10:03.938236,CHSPI.SW,158.8800048828125
2026-01-26T05:10:03.938236,GOOG,328.42999267578125
2026-01-26T05:10:03.938236,NVDA,187.6699981689453
2026-01-26T05:10:03.938236,AMD,259.67999267578125
2026-01-26T06:02:26.562547,VT,145.1999969482422
2026-01-26T06:02:26.562547,CHSPI.SW,158.8800048828125
2026-01-26T06:02:26.562547,GOOG,328.42999267578125
2026-01-26T06:02:26.562547,NVDA,187.6699981689453
2026-01-26T06:02:26.562547,AMD,259.67999267578125
2026-01-26T07:06:16.339924,VT,145.1999969482422
2026-01-26T07:06:16.339924,CHSPI.SW,158.8800048828125
2026-01-26T07:06:16.339924,GOOG,328.42999267578125
2026-01-26T07:06:16.339924,NVDA,187.6699981689453
2026-01-26T07:06:16.339924,AMD,259.67999267578125
2026-01-26T08:01:12.859325,VT,145.1999969482422
2026-01-26T08:01:12.859325,GOOG,328.42999267578125
2026-01-26T08:01:12.859325,NVDA,187.6699981689453
2026-01-26T08:01:12.859325,AMD,259.67999267578125
2026-01-26T09:05:52.154748,VT,145.1999969482422
2026-01-26T09:05:52.154748,CHSPI.SW,158.25999450683594
2026-01-26T09:05:52.154748,GOOG,328.42999267578125
2026-01-26T09:05:52.154748,NVDA,187.6699981689453
2026-01-26T09:05:52.154748,AMD,259.67999267578125
2026-01-26T10:02:54.368106,VT,145.1999969482422
2026-01-26T10:02:54.368106,CHSPI.SW,157.9600067138672
2026-01-26T10:02:54.368106,GOOG,328.42999267578125
2026-01-26T10:02:54.368106,NVDA,187.6699981689453
2026-01-26T10:02:54.368106,AMD,259.67999267578125
2026-01-26T11:02:23.620459,VT,145.1999969482422
2026-01-26T11:02:23.620459,CHSPI.SW,158.3800048828125
2026-01-26T11:02:23.620459,GOOG,328.42999267578125
2026-01-26T11:02:23.620459,NVDA,187.6699981689453
2026-01-26T11:02:23.620459,AMD,259.67999267578125
2026-01-26T12:01:33.313719,VT,145.1999969482422
2026-01-26T12:01:33.313719,CHSPI.SW,158.4199981689453
2026-01-26T12:01:33.313719,GOOG,328.42999267578125
2026-01-26T12:01:33.313719,NVDA,187.6699981689453
2026-01-26T12:01:33.313719,AMD,259.67999267578125
2026-01-26T13:15:50.835376,VT,145.1999969482422
2026-01-26T13:15:50.835376,CHSPI.SW,158.33999633789062
2026-01-26T13:15:50.835376,GOOG,328.42999267578125
2026-01-26T13:15:50.835376,NVDA,187.6699981689453
2026-01-26T13:15:50.835376,AMD,259.67999267578125
2026-01-26T14:05:07.389113,VT,145.1999969482422
2026-01-26T14:05:07.389113,CHSPI.SW,158.33999633789062
2026-01-26T14:05:07.389113,GOOG,328.42999267578125
2026-01-26T14:05:07.389113,NVDA,187.6699981689453
2026-01-26T14:05:07.389113,AMD,259.67999267578125
2026-01-26T15:03:56.662433,VT,145.94500732421875
2026-01-26T15:03:56.662433,CHSPI.SW,158.8000030517578
2026-01-26T15:03:56.662433,GOOG,331.5150146484375
2026-01-26T15:03:56.662433,NVDA,187.1800994873047
2026-01-26T15:03:56.662433,AMD,253.1699981689453
2026-01-26T16:03:13.703358,VT,146.0
2026-01-26T16:03:13.703358,CHSPI.SW,158.8000030517578
2026-01-26T16:03:13.703358,GOOG,333.5299987792969
2026-01-26T16:03:13.703358,NVDA,186.8000946044922
2026-01-26T16:03:13.703358,AMD,253.1999969482422
2026-01-26T17:06:25.930953,VT,146.05499267578125
2026-01-26T17:06:25.930953,CHSPI.SW,158.63999938964844
2026-01-26T17:06:25.930953,GOOG,335.8970031738281
2026-01-26T17:06:25.930953,NVDA,187.1849975585937
2026-01-26T17:06:25.930953,AMD,253.3699951171875
2026-01-26T18:02:11.919401,VT,146.03500366210938
2026-01-26T18:02:11.919401,CHSPI.SW,158.63999938964844
2026-01-26T18:02:11.919401,GOOG,335.7300109863281
2026-01-26T18:02:11.919401,NVDA,186.3500061035156
2026-01-26T18:02:11.919401,AMD,253.31500244140625
2026-01-26T19:05:29.401990,VT,145.97999572753906
2026-01-26T19:05:29.401990,CHSPI.SW,158.63999938964844
2026-01-26T19:05:29.401990,GOOG,335.1600036621094
2026-01-26T19:05:29.401990,NVDA,186.75
2026-01-26T19:05:29.401990,AMD,253.10549926757807
2026-01-26T20:01:19.021233,VT,145.92999267578125
2026-01-26T20:01:19.021233,CHSPI.SW,158.63999938964844
2026-01-26T20:01:19.021233,GOOG,334.29998779296875
2026-01-26T20:01:19.021233,NVDA,186.3600006103516
2026-01-26T20:01:19.021233,AMD,251.6300048828125
2026-01-26T21:02:37.961742,VT,145.8300018310547
2026-01-26T21:02:37.961742,CHSPI.SW,158.63999938964844
2026-01-26T21:02:37.961742,GOOG,333.5899963378906
2026-01-26T21:02:37.961742,NVDA,186.47000122070312
2026-01-26T21:02:37.961742,AMD,251.3099975585937
2026-01-26T22:01:10.226610,VT,145.83999633789062
2026-01-26T22:01:10.226610,CHSPI.SW,158.63999938964844
2026-01-26T22:01:10.226610,GOOG,333.5899963378906
2026-01-26T22:01:10.226610,NVDA,186.47000122070312
2026-01-26T22:01:10.226610,AMD,251.3099975585937
2026-01-26T23:01:21.551244,VT,145.83999633789062
2026-01-26T23:01:21.551244,CHSPI.SW,158.63999938964844
2026-01-26T23:01:21.551244,GOOG,333.5899963378906
2026-01-26T23:01:21.551244,NVDA,186.47000122070312
2026-01-26T23:01:21.551244,AMD,251.3099975585937
2026-01-27T00:01:57.452059,VT,145.83999633789062
2026-01-27T00:01:57.452059,CHSPI.SW,158.72000122070312
2026-01-27T00:01:57.452059,GOOG,333.5899963378906
2026-01-27T00:01:57.452059,NVDA,186.47000122070312
2026-01-27T00:01:57.452059,AMD,251.30999755859372
2026-01-27T01:29:42.419043,VT,145.83999633789062
2026-01-27T01:29:42.419043,CHSPI.SW,158.72000122070312
2026-01-27T01:29:42.419043,GOOG,333.5899963378906
2026-01-27T01:29:42.419043,NVDA,186.47000122070312
2026-01-27T01:29:42.419043,AMD,251.30999755859375
